,Name,Category,Metal,Atom_A,Atom_B,A-M-B Angle,M-A Distance,M-B Distance,Metal_NBO,A_NBO,B_NBO,HOMO_LUMO,A-B_NBO,MA_MB_Difference,SPE,Gibbs Free Energy Correction
0,c-n-1,etcoord,7.0,14.0,20.0,81.0,2.153451201977421,2.104618529520492,0.24828,0.26091,-0.89713,0.16474,1.15804,0.0488326724569287,-1923.83815997,0.433509
2,c-n-2,etcoord,7.0,20.0,33.0,83.0,2.168403708000196,2.3289121680533595,0.32494,0.23021,-0.41169,0.18673,0.6419,-0.1605084600531636,-1225.68362702,0.458576
4,c-n-3,etcoord,7.0,14.0,63.0,81.0,2.175838818325475,2.362648927433993,0.35699,0.23226,-0.41969,0.179,0.65195,-0.1868101091085181,-1530.64043077,0.519838
6,c-o-1,etcoord,7.0,14.0,47.0,83.0,2.156459512331034,2.0689274996775504,0.33021,0.35389,-0.69052,0.16653,1.04441,0.0875320126534835,-1320.1023649,0.420964
8,c-o-2,etcoord,7.0,20.0,70.0,80.0,2.178434754390638,2.168874815587566,0.37411,0.24897,-1.08223,0.18602,1.3312,0.009559938803072,-1901.9545946,0.665148
10,c-o-3,etcoord,7.0,14.0,61.0,85.0,2.216103654454141,2.1213483516473666,0.35806,0.21408,-1.08572,0.1616699999999999,1.2998,0.0947553028067749,-2055.49435344,0.710872
12,c-o-4,etcoord,7.0,14.0,47.0,82.0,2.1896299249306947,2.0783832705016176,0.34016,0.34667,-0.69926,0.16929,1.04593,0.1112466544290771,-1437.98261312,0.504376
14,c-o-5,etcoord,,,,82.0,2.1896299249306947,2.0783832705016176,0.34016,0.34667,-0.69926,0.19435,1.04593,0.1112466544290771,-1788.95352086,
16,c-o-6,etcoord,7.0,14.0,62.0,86.0,2.1579891388220656,2.055220807487604,0.3103,0.23452,-0.67473,0.16268,0.90925,0.1027683313344614,-1512.97528665,0.494346
20,c-o-9,etcoord,88.0,7.0,16.0,87.0,2.079243816787728,2.201331591971096,0.33708,0.25807,-1.1107,0.15937,1.36877,-0.1220877751833677,-2281.64613374,0.703662
21,c-p-1,etcoord,,,,87.0,2.079243816787728,2.201331591971096,0.33708,0.25807,-1.1107,0.1798799999999999,1.36877,-0.1220877751833677,-1777.75137429,0.469441
23,c-s-1,etcoord,7.0,38.0,14.0,86.0,2.623376725781297,2.072378995062679,0.13527,0.40083,0.28795,0.18344,0.11288,0.5509977307186182,-1411.35955966,0.335963
35,p-o-10,etcoord,1.0,2.0,26.0,77.0,2.5097896940235844,2.307648310891848,0.24077,1.06323,-0.56903,0.16835,1.63226,0.2021413831317362,-1479.27803892,0.467273
37,p-o-11,etcoord,1.0,2.0,26.0,76.0,2.519199192671552,2.151042653901591,0.29158,1.19839,-0.60617,0.1785299999999999,1.80456,0.368156538769961,-1534.63356128,0.480867
39,p-o-12,etcoord,31.0,1.0,52.0,81.0,2.4314860929836715,2.0738875224596924,0.27476,1.06457,-0.70431,0.15972,1.76888,0.357598570523979,-1706.15437273,0.467901
41,p-o-13,etcoord,31.0,1.0,4.0,89.0,2.526883282399288,2.130748758012075,0.27476,1.06457,-0.34564,0.16917,1.41021,0.3961345243872132,-2582.34722086,0.594781
46,p-o-15,etcoord,31.0,1.0,4.0,88.0,2.531764969350433,2.1001188880589594,0.35642,1.0079,-1.05434,0.17052,2.06224,0.4316460812914737,-2811.36006025,0.656247
48,p-o-16,etcoord,81.0,1.0,44.0,82.0,2.4846251426637784,2.1317484186183884,0.31894,1.04712,-1.08901,0.16881,2.13613,0.35287672404539,-2642.52749171,0.695366
50,p-o-17,etcoord,62.0,1.0,35.0,87.0,2.5190310165587486,2.122238279790938,0.33155,1.01813,-1.07767,0.17201,2.0958,0.3967927367678108,-2334.91653531,0.582261
52,p-o-18,etcoord,61.0,1.0,80.0,92.0,2.510920945523574,2.410370149804589,0.06383,1.06278,-0.40233,0.16168,1.46511,0.1005507957189846,-2657.86962778,0.573134
54,p-o-19,etcoord,51.0,1.0,14.0,87.0,2.48051185006986,2.1505032323877127,0.29187,1.04997,-1.08823,0.17643,2.1382000000000003,0.3300086176821475,-2420.75194971,0.768852
56,p-o-20,etcoord,62.0,1.0,61.0,82.0,2.462983742743342,2.119598638685636,0.30178,1.05051,-1.10946,0.17268,2.15997,0.3433851040577065,-2205.79669946,0.596207
58,p-o-21,etcoord,14.0,1.0,13.0,89.0,2.5208439980635453,2.1229951009500705,0.28259,1.00378,-1.06101,0.17743,2.06479,0.3978488971134748,-2127.19695879,0.541813
60,p-o-22,etcoord,40.0,1.0,39.0,85.0,2.497132006625801,2.1143838730188045,0.31699,1.01028,-1.1088,0.17791,2.1190800000000003,0.3827481336069964,-1979.66023013,0.608128
62,p-o-23,etcoord,50.0,1.0,49.0,81.0,2.514197319865328,2.142320149740463,0.27929,1.05282,-1.10254,0.17576,2.15536,0.3718771701248649,-2243.16616661,0.605544
64,p-o-24,etcoord,51.0,1.0,50.0,81.0,2.4986255110172078,2.1604923086303733,0.27271,1.05317,-1.10365,0.17751,2.15682,0.338133202386834,-2688.28774626,0.551289
66,p-o-25,etcoord,51.0,1.0,50.0,81.0,2.4611499667799603,2.152813493763452,0.25467,1.07679,-1.10236,0.17563,2.17915,0.3083364730165083,-2014.14783444,0.545502
68,p-o-26,etcoord,31.0,1.0,30.0,82.0,2.557541267512413,2.155551340770848,0.31184,1.00419,-1.11306,0.17997,2.11725,0.4019899267415652,-1866.60328465,0.611941
70,p-o-27,etcoord,5.0,1.0,4.0,82.0,2.5483218005732717,2.172814146312105,0.27746,1.02711,-1.06868,0.17966,2.09579,0.3755076542611664,-1630.83814549,0.44917
72,p-o-28,etcoord,5.0,1.0,4.0,83.0,2.5455889758012784,2.156868374372901,0.32271,0.99227,-1.08941,0.17687,2.08168,0.3887206014283775,-2099.98016183,0.735982
74,p-o-29,etcoord,63.0,32.0,9.0,77.0,2.447754358001432,2.119653718370291,0.33968,1.09057,-1.05417,0.15087,2.14474,0.3281006396311405,-5476.62525271,0.550749
76,p-o-30,etcoord,61.0,30.0,7.0,82.0,2.460713379368268,2.098323669214547,0.34053,1.07726,-1.05041,0.15554,2.12767,0.3623897101537205,-3056.73787229,0.606269
78,p-o-31,etcoord,31.0,30.0,7.0,85.0,2.4804260430671987,2.077360136479469,0.32831,1.09185,-1.04509,0.1617099999999999,2.13694,0.4030659065877295,-2834.97090862,0.68165
80,p-o-32,etcoord,50.0,30.0,7.0,83.0,2.43712025627399,2.0847083409182203,0.32873,1.10341,-1.0458,0.14819,2.14921,0.3524119153557703,-3287.69509996,0.679577
83,p-o-34,etcoord,62.0,1.0,33.0,88.0,2.4978751558186407,2.1656457225742165,0.27945,1.04178,-1.06964,0.17455,2.11142,0.3322294332444242,-2199.1091505,0.494819
85,p-o-35,etcoord,41.0,1.0,12.0,87.0,2.572305155867204,2.143956743756972,0.30307,0.98166,-1.07371,0.17242,2.05537,0.4283484121102314,-2012.26834994,0.52864
87,p-o-36,etcoord,99.0,1.0,12.0,86.0,2.4907133513750632,2.166611590436089,0.31892,1.04541,-1.07421,0.17434,2.1196200000000003,0.3241017609389742,-3159.80320895,0.777661
89,p-o-37,etcoord,31.0,1.0,12.0,81.0,2.4966626102631486,2.1169726694442703,0.32576,1.01881,-1.07119,0.17628,2.09,0.3796899408188783,-1933.17231433,0.525973
91,p-o-38,etcoord,25.0,1.0,12.0,86.0,2.529713518332461,2.10849698876024,0.34072,0.99436,-1.11003,0.17069,2.10439,0.4212165295722214,-2247.51913432,0.74709
93,p-o-39,etcoord,100.0,1.0,12.0,84.0,2.527369981377479,2.115608981538413,0.32815,1.00444,-1.10845,0.17524,2.11289,0.4117609998390659,-2404.72697413,0.850528
95,p-o-40,etcoord,90.0,1.0,12.0,85.0,2.4772052169509493,2.1122449912178745,0.34037,1.02615,-1.11854,0.1708,2.14469,0.3649602257330748,-2473.664208,0.734911
99,p-o-43,etcoord,56.0,1.0,12.0,84.0,2.4743640805156386,2.108820393080928,0.33456,1.04435,-1.10957,0.17171,2.15392,0.3655436874347106,-2702.69718297,0.794486
101,p-o-44,etcoord,46.0,1.0,12.0,83.0,2.4794916556750093,2.1170829810911997,0.31071,1.04722,-1.10296,0.17508,2.15018,0.36240867458381,-2870.69066924,0.700782
104,p-o-48,etcoord,46.0,1.0,12.0,3.0,4.59125213879177,7.525911492455514,0.31071,1.04722,-1.10296,0.15931,2.15018,-2.9346593536637444,-1935.17679668,0.525772
105,p-o-8,etcoord,33.0,1.0,4.0,87.0,2.467544908744317,2.1210095763058217,0.29287,1.04676,-1.07411,0.17507,2.12087,0.3465353324384952,-2413.50071893,0.634031
107,p-o-9,etcoord,33.0,1.0,4.0,89.0,2.48861712955569,2.1374086207164504,0.30565,1.03386,-1.05779,0.17623,2.09165,0.3512085088392394,-2353.33392507,0.532248
